{"cameraMode":{"drawMode":0,"name":"Shaded","section":"Shading Mode"},"sceneLighting":true,"audioPlay":false,"sceneViewState":{"showFog":true,"showMaterialUpdate":false,"showSkybox":true,"showFlares":true,"showImageEffects":true,"showParticleSystems":true},"in2DMode":false,"pivot":{"x":175.3795623779297,"y":-255.03271484375,"z":357.02630615234377},"rotation":{"x":0.41941893100738528,"y":0.11388400197029114,"z":-0.05312822386622429,"w":0.8990530967712402},"size":367.5650329589844,"orthographic":false}