{"cameraMode":{"drawMode":0,"name":"Shaded","section":"Shading Mode"},"sceneLighting":true,"audioPlay":false,"sceneViewState":{"showFog":true,"showMaterialUpdate":false,"showSkybox":true,"showFlares":true,"showImageEffects":true,"showParticleSystems":true},"in2DMode":false,"pivot":{"x":209.87791442871095,"y":-94.61654663085938,"z":272.1480407714844},"rotation":{"x":0.6525452733039856,"y":-0.009092295542359352,"z":0.007830962538719178,"w":0.7576555609703064},"size":424.5992736816406,"orthographic":false}